,source,target,contact_intensity,prct_language_used
1,2,1,0.4,0.0
2,1,3,0.2,0.0
5,1,6,0.2,0.0
6,1,7,0.2,0.0
7,1,8,0.2,0.0
8,1,9,0.2,0.0
9,10,1,0.4,0.0
10,11,1,0.4,0.0
11,1,12,0.2,0.0
12,1,13,0.2,0.0
13,14,1,0.4,0.0
14,15,1,0.4,0.0
15,1,16,0.2,0.0
16,1,17,0.2,0.0
17,1,18,0.2,0.0
18,1,19,0.2,0.0
19,20,1,0.4,0.0
20,21,1,0.4,0.0
21,1,22,0.2,0.0
22,1,23,0.2,0.0
23,24,1,0.4,0.0
24,1,25,0.2,0.0
25,26,1,0.4,0.0
26,1,27,0.2,0.0
27,1,28,0.2,0.0
28,1,29,0.2,0.0
29,30,1,0.4,0.0
30,31,1,0.4,0.0
31,1,32,0.2,0.0
32,1,33,0.2,0.0
33,1,34,0.2,0.0
34,35,1,0.4,0.0
35,1,36,0.2,0.0
36,1,37,0.2,0.0
37,1,38,0.2,0.0
38,1,39,0.2,0.0
39,40,1,0.4,0.0
41,2,1,0.2,0.5555555555555556
43,2,3,0.2,0.0
44,4,2,0.4,0.0
45,5,2,0.4,0.0
46,2,6,0.2,0.3333333333333333
47,2,7,0.2,0.0
48,2,8,0.2,0.0
49,2,9,0.2,0.0
50,2,10,0.2,0.0
51,2,11,0.2,0.0
52,12,2,0.4,0.0
53,13,2,0.4,0.0
54,14,2,0.4,0.3333333333333333
55,15,2,0.4,0.0
56,2,16,0.2,0.0
58,2,18,0.2,0.0
59,19,2,0.4,0.4444444444444444
60,2,20,0.2,0.0
63,23,2,0.4,0.0
64,24,2,0.4,0.0
65,25,2,0.4,0.0
66,2,26,0.2,0.0
67,27,2,0.4,0.0
68,2,28,0.2,0.5555555555555556
69,2,29,0.2,0.0
70,2,30,0.2,0.7777777777777778
71,31,2,0.4,0.4444444444444444
73,33,2,0.4,0.2222222222222222
75,35,2,0.4,0.4444444444444444
76,36,2,0.4,0.0
77,37,2,0.4,0.2222222222222222
79,2,39,0.6,0.4444444444444444
80,39,2,0.6,0.4444444444444444
81,2,40,0.6,0.8888888888888888
82,40,2,0.6,0.8888888888888888
84,3,1,0.2,0.8888888888888888
85,2,3,0.4,0.1111111111111111
87,4,3,0.4,0.5555555555555556
88,5,3,0.4,0.8888888888888888
89,6,3,0.4,0.4444444444444444
90,3,7,0.2,0.7777777777777778
91,3,8,0.2,0.2222222222222222
92,3,9,0.2,0.8888888888888888
93,10,3,0.4,0.4444444444444444
94,11,3,0.4,0.3333333333333333
95,3,12,0.2,0.6666666666666666
96,3,13,0.2,0.3333333333333333
97,3,14,0.2,0.4444444444444444
98,15,3,0.4,0.6666666666666666
99,3,16,0.2,0.5555555555555556
100,17,3,0.4,0.5555555555555556
101,3,18,0.2,0.8888888888888888
102,3,19,0.2,0.8888888888888888
103,3,20,0.2,0.3333333333333333
104,21,3,0.4,0.6666666666666666
105,3,22,0.2,0.8888888888888888
106,3,23,0.2,0.6666666666666666
107,24,3,0.4,0.6666666666666666
108,25,3,0.4,0.4444444444444444
109,3,26,0.2,0.8888888888888888
110,27,3,0.4,0.8888888888888888
111,3,28,0.2,0.4444444444444444
112,3,29,0.2,0.8888888888888888
113,30,3,0.4,0.3333333333333333
114,31,3,0.4,0.5555555555555556
115,32,3,0.4,0.5555555555555556
116,33,3,0.4,0.7777777777777778
117,3,34,0.2,0.7777777777777778
118,3,35,0.2,0.6666666666666666
119,3,36,0.2,0.3333333333333333
120,37,3,0.4,0.6666666666666666
121,3,38,0.2,0.8888888888888888
123,3,40,0.2,0.3333333333333333
124,3,41,0.2,0.2222222222222222
129,5,4,0.4,0.1111111111111111
130,4,6,0.2,0.1111111111111111
131,4,7,0.2,0.1111111111111111
134,4,10,0.2,0.3333333333333333
135,4,11,0.2,0.0
137,4,13,0.2,1.0
139,4,15,0.2,0.7777777777777778
141,17,4,0.4,0.5555555555555556
142,18,4,0.4,0.1111111111111111
143,19,4,0.4,0.2222222222222222
148,4,24,0.2,1.0
151,27,4,0.4,0.7777777777777778
153,4,29,0.2,0.4444444444444444
155,4,31,0.2,0.3333333333333333
156,4,32,0.2,0.1111111111111111
157,33,4,0.4,0.1111111111111111
158,4,34,0.2,0.7777777777777778
161,4,37,0.2,0.1111111111111111
163,4,39,0.2,0.1111111111111111
164,40,4,0.4,0.1111111111111111
166,5,1,0.2,0.1111111111111111
167,5,2,0.2,0.0
168,5,3,0.2,0.1111111111111111
169,5,4,0.2,0.0
171,5,6,0.2,0.0
172,5,7,0.2,0.0
173,5,8,0.2,0.0
174,9,5,0.4,0.0
175,5,10,0.2,0.0
176,11,5,0.4,0.0
177,5,12,0.6,0.7777777777777778
178,12,5,0.6,0.7777777777777778
179,5,13,0.6,0.1111111111111111
180,13,5,0.6,0.1111111111111111
181,14,5,0.4,0.0
182,5,15,0.6,0.0
183,15,5,0.6,0.0
184,5,16,0.2,0.0
185,5,17,0.2,0.0
186,5,18,0.6,0.0
187,18,5,0.6,0.0
188,5,19,0.6,0.0
189,19,5,0.6,0.0
190,5,20,0.2,0.0
191,21,5,0.4,0.0
192,22,5,0.4,0.6666666666666666
193,23,5,0.4,0.0
194,5,24,0.2,0.0
195,5,25,0.6,0.0
196,25,5,0.6,0.0
197,5,26,0.6,0.0
198,26,5,0.6,0.0
199,5,27,0.6,0.0
200,27,5,0.6,0.0
201,5,28,0.2,0.0
202,5,29,0.6,0.0
203,29,5,0.6,0.0
204,5,30,0.2,0.0
205,5,31,0.2,0.0
206,5,32,0.6,0.0
207,32,5,0.6,0.0
208,33,5,0.4,0.0
209,34,5,0.4,0.0
210,35,5,0.4,0.0
211,5,36,0.2,0.0
212,5,37,0.2,0.0
213,5,38,0.6,0.0
214,38,5,0.6,0.0
215,5,39,0.2,0.0
216,5,40,0.6,0.0
217,40,5,0.6,0.0
218,5,41,0.6,1.0
219,41,5,0.6,1.0
220,6,1,0.2,0.0
221,6,2,0.2,0.3333333333333333
222,6,3,0.2,0.1111111111111111
224,5,6,0.4,0.0
226,6,7,0.2,0.0
227,6,8,0.2,0.0
228,6,9,0.2,0.1111111111111111
229,6,10,0.2,0.0
230,6,11,0.2,0.2222222222222222
232,13,6,0.4,0.0
233,6,14,0.2,0.5555555555555556
234,15,6,0.4,0.0
236,17,6,0.4,0.0
237,6,18,0.2,0.3333333333333333
238,6,19,0.2,0.5555555555555556
240,6,21,0.2,0.0
242,23,6,0.4,0.0
243,6,24,0.2,0.0
245,6,26,0.2,0.0
246,27,6,0.4,0.0
247,28,6,0.4,0.5555555555555556
248,6,29,0.2,0.1111111111111111
249,6,30,0.2,0.5555555555555556
250,31,6,0.4,0.5555555555555556
251,32,6,0.4,0.0
252,33,6,0.4,0.0
254,6,35,0.2,0.5555555555555556
256,37,6,0.4,0.3333333333333333
258,6,39,0.2,0.5555555555555556
259,6,40,0.2,0.0
260,41,6,0.4,0.0
261,1,7,0.4,0.0
262,2,7,0.4,0.0
263,3,7,0.4,0.0
264,4,7,0.4,0.0
265,5,7,0.4,0.0
266,6,7,0.4,0.0
268,7,8,0.2,0.0
269,9,7,0.4,0.0
270,7,10,0.2,0.0
271,11,7,0.4,0.0
272,12,7,0.4,0.0
273,13,7,0.4,0.0
274,7,14,0.2,0.0
275,15,7,0.4,0.0
276,7,16,0.2,0.0
277,17,7,0.4,0.0
278,18,7,0.4,0.0
279,19,7,0.4,0.0
280,7,20,0.2,0.2222222222222222
281,21,7,0.4,0.3333333333333333
282,22,7,0.4,0.0
283,7,23,0.2,0.0
284,24,7,0.4,0.0
285,25,7,0.4,0.0
286,26,7,0.4,0.0
287,27,7,0.4,0.0
288,28,7,0.4,0.0
289,7,29,0.2,0.0
290,30,7,0.4,0.0
291,31,7,0.4,0.0
292,32,7,0.4,0.0
293,33,7,0.4,0.6666666666666666
294,34,7,0.4,0.0
295,35,7,0.4,0.0
296,36,7,0.4,0.0
297,37,7,0.4,0.6666666666666666
298,7,38,0.2,0.6666666666666666
299,39,7,0.4,0.1111111111111111
300,40,7,0.4,0.0
301,7,41,0.2,0.0
302,8,1,0.6,0.3333333333333333
303,1,8,0.6,0.3333333333333333
304,8,2,0.2,0.0
305,8,3,0.6,0.4444444444444444
306,3,8,0.6,0.4444444444444444
307,8,4,0.6,0.0
308,4,8,0.6,0.0
309,8,5,0.6,0.0
310,5,8,0.6,0.0
311,8,6,0.6,0.0
312,6,8,0.6,0.0
313,8,7,0.2,0.0
315,9,8,0.4,0.0
316,10,8,0.4,0.0
319,13,8,0.4,0.2222222222222222
320,8,14,0.6,0.7777777777777778
321,14,8,0.6,0.7777777777777778
322,15,8,0.4,0.0
323,16,8,0.4,0.0
324,8,17,0.2,0.0
325,8,18,0.2,0.0
326,19,8,0.4,0.0
327,8,20,0.2,0.6666666666666666
328,21,8,0.4,0.8888888888888888
330,23,8,0.4,0.0
331,24,8,0.4,1.0
332,8,25,0.6,0.6666666666666666
333,25,8,0.6,0.6666666666666666
335,8,27,0.6,0.1111111111111111
336,27,8,0.6,0.1111111111111111
337,8,28,0.6,0.1111111111111111
338,28,8,0.6,0.1111111111111111
339,8,29,0.6,0.0
340,29,8,0.6,0.0
341,8,30,0.2,0.3333333333333333
342,8,31,0.2,0.2222222222222222
343,8,32,0.6,0.0
344,32,8,0.6,0.0
352,8,40,0.2,0.4444444444444444
353,41,8,0.4,0.0
354,9,1,0.2,0.0
355,2,9,0.4,0.0
356,3,9,0.4,0.0
357,9,4,0.2,0.0
358,5,9,0.4,0.0
359,9,6,0.2,0.0
360,9,7,0.2,0.0
361,9,8,0.2,0.0
363,9,10,0.2,0.3333333333333333
364,11,9,0.4,0.4444444444444444
365,12,9,0.4,0.0
366,9,13,0.2,0.0
367,14,9,0.4,0.0
368,9,15,0.2,0.0
369,9,16,0.2,0.4444444444444444
370,17,9,0.4,0.0
371,9,18,0.6,0.6666666666666666
372,18,9,0.6,0.6666666666666666
373,9,19,0.2,0.0
374,9,20,0.2,0.0
377,23,9,0.4,0.1111111111111111
378,24,9,0.4,0.2222222222222222
379,9,25,0.2,0.0
380,26,9,0.4,0.0
381,9,27,0.2,0.0
382,9,28,0.2,0.0
383,9,29,0.2,0.0
385,31,9,0.4,0.0
386,32,9,0.4,0.6666666666666666
387,9,33,0.2,0.0
388,34,9,0.4,0.1111111111111111
389,9,35,0.2,0.0
390,36,9,0.4,0.5555555555555556
391,37,9,0.4,0.0
392,38,9,0.4,0.1111111111111111
393,9,39,0.2,0.3333333333333333
394,9,40,0.2,0.0
396,1,10,0.4,0.1111111111111111
397,2,10,0.4,0.0
398,3,10,0.4,0.0
399,4,10,0.4,0.0
400,5,10,0.4,0.0
401,6,10,0.4,0.0
402,10,7,0.2,0.0
403,8,10,0.4,0.0
404,10,9,0.2,0.2222222222222222
406,11,10,0.4,0.3333333333333333
407,12,10,0.4,0.0
408,10,13,0.2,0.0
409,14,10,0.4,0.1111111111111111
410,10,15,0.2,0.0
411,16,10,0.4,0.5555555555555556
412,17,10,0.4,0.0
413,10,18,0.2,0.5555555555555556
414,10,19,0.2,0.0
415,20,10,0.4,0.0
416,10,21,0.2,0.0
417,10,22,0.2,0.0
418,10,23,0.2,0.2222222222222222
419,10,24,0.2,0.3333333333333333
420,25,10,0.4,0.0
421,26,10,0.4,0.0
422,27,10,0.4,0.0
423,10,28,0.2,0.0
424,29,10,0.4,0.0
425,10,30,0.2,0.0
426,31,10,0.4,0.0
427,10,32,0.2,0.5555555555555556
428,33,10,0.4,0.0
429,34,10,0.4,0.3333333333333333
430,10,35,0.2,0.0
431,36,10,0.4,0.6666666666666666
432,37,10,0.4,0.3333333333333333
433,10,38,0.2,0.0
434,39,10,0.4,0.3333333333333333
435,40,10,0.4,0.0
436,41,10,0.4,0.1111111111111111
437,12,1,0.6,0.0
438,1,12,0.6,0.0
439,2,12,0.4,0.0
440,12,3,0.2,0.0
442,12,5,0.6,0.0
443,5,12,0.6,0.0
444,6,12,0.4,0.0
445,12,7,0.2,0.0
447,12,9,0.6,0.0
448,9,12,0.6,0.0
449,12,10,0.6,0.0
450,10,12,0.6,0.0
453,12,13,0.6,0.0
454,13,12,0.6,0.0
455,12,14,0.6,0.0
456,14,12,0.6,0.0
457,12,15,0.2,0.0
459,17,12,0.4,0.0
460,12,18,0.6,0.0
461,18,12,0.6,0.0
462,12,19,0.2,0.0
463,12,20,0.2,0.0
464,12,21,0.2,0.0
465,12,22,0.2,0.0
466,23,12,0.4,0.0
467,12,24,0.6,0.0
468,24,12,0.6,0.0
469,12,25,0.6,0.0
470,25,12,0.6,0.0
471,12,26,0.6,0.1111111111111111
472,26,12,0.6,0.1111111111111111
473,12,27,0.6,0.1111111111111111
474,27,12,0.6,0.1111111111111111
475,12,28,0.2,0.0
476,12,29,0.2,0.0
478,12,31,0.2,0.0
479,12,32,0.2,0.0
480,12,33,0.2,0.0
481,12,34,0.2,0.0
482,35,12,0.4,0.0
485,12,38,0.6,0.0
486,38,12,0.6,0.0
488,12,40,0.6,0.1111111111111111
489,40,12,0.6,0.1111111111111111
490,12,41,0.6,0.1111111111111111
491,41,12,0.6,0.1111111111111111
492,13,1,0.2,0.0
493,2,13,0.4,0.0
494,3,13,0.4,0.0
496,5,13,0.4,0.0
497,6,13,0.4,0.0
499,13,8,0.2,0.0
500,9,13,0.4,0.0
501,10,13,0.4,0.0
502,11,13,0.4,0.0
503,12,13,0.4,0.0
505,13,14,0.2,0.0
506,15,13,0.4,0.0
507,13,16,0.2,0.0
508,13,17,0.2,0.0
509,13,18,0.2,0.0
510,13,19,0.2,0.0
511,13,20,0.2,0.0
513,22,13,0.4,0.0
514,23,13,0.4,0.0
515,24,13,0.4,0.0
516,13,25,0.2,0.0
517,26,13,0.4,0.0
518,13,27,0.2,0.0
519,13,28,0.2,0.0
520,29,13,0.4,0.0
522,13,31,0.2,0.0
523,32,13,0.4,0.0
524,13,33,0.2,0.0
526,13,35,0.2,0.0
527,13,36,0.2,0.0
531,13,40,0.6,0.8888888888888888
532,40,13,0.6,0.8888888888888888
534,1,14,0.4,0.4444444444444444
535,2,14,0.4,0.3333333333333333
536,3,14,0.4,0.1111111111111111
538,5,14,0.4,0.1111111111111111
539,6,14,0.4,0.5555555555555556
541,8,14,0.4,0.4444444444444444
542,9,14,0.4,0.1111111111111111
543,10,14,0.4,0.1111111111111111
544,11,14,0.4,0.1111111111111111
545,12,14,0.4,0.1111111111111111
546,13,14,0.4,0.1111111111111111
548,15,14,0.4,0.1111111111111111
550,14,17,0.2,0.1111111111111111
551,18,14,0.4,0.3333333333333333
552,19,14,0.4,0.7777777777777778
553,14,20,0.2,0.1111111111111111
554,21,14,0.4,0.1111111111111111
555,22,14,0.4,0.1111111111111111
557,24,14,0.4,0.1111111111111111
558,14,25,0.2,0.2222222222222222
559,14,26,0.2,0.2222222222222222
560,27,14,0.4,0.1111111111111111
561,28,14,0.4,0.4444444444444444
562,14,29,0.2,0.1111111111111111
563,30,14,0.4,0.4444444444444444
564,14,31,0.2,0.6666666666666666
565,32,14,0.4,0.1111111111111111
566,33,14,0.4,0.1111111111111111
567,34,14,0.4,0.1111111111111111
568,14,35,0.2,0.6666666666666666
570,37,14,0.4,0.0
571,38,14,0.4,0.1111111111111111
572,39,14,0.4,0.7777777777777778
573,14,40,0.2,0.1111111111111111
575,1,15,0.4,0.2222222222222222
576,2,15,0.4,0.1111111111111111
577,15,3,0.2,0.0
578,15,4,0.2,0.0
579,15,5,0.2,0.0
580,15,6,0.2,0.0
581,15,7,0.2,0.0
582,15,8,0.2,0.0
583,9,15,0.4,0.0
584,15,10,0.2,0.0
585,11,15,0.4,0.0
586,12,15,0.4,0.0
587,13,15,0.4,0.0
588,14,15,0.4,0.0
590,15,16,0.2,0.0
591,15,17,0.2,0.2222222222222222
592,15,18,0.2,0.0
593,15,19,0.2,0.0
594,15,20,0.2,0.0
595,15,21,0.2,0.0
596,15,22,0.2,0.0
597,23,15,0.4,0.0
598,15,24,0.2,0.1111111111111111
599,25,15,0.4,0.0
600,26,15,0.4,0.0
601,15,27,0.2,0.2222222222222222
602,28,15,0.4,0.0
603,29,15,0.4,0.1111111111111111
604,30,15,0.4,0.0
605,15,31,0.2,0.0
606,15,32,0.2,0.1111111111111111
607,33,15,0.4,0.0
608,34,15,0.4,0.1111111111111111
609,15,35,0.2,0.1111111111111111
610,15,36,0.2,0.0
611,37,15,0.4,0.1111111111111111
612,38,15,0.4,0.0
613,15,39,0.2,0.0
614,15,40,0.2,0.1111111111111111
615,15,41,0.2,0.0
617,2,16,0.4,0.0
622,7,16,0.4,0.2222222222222222
624,9,16,0.4,0.8888888888888888
625,10,16,0.4,0.8888888888888888
626,11,16,0.4,0.4444444444444444
633,18,16,0.4,0.5555555555555556
636,21,16,0.4,0.2222222222222222
638,23,16,0.4,0.2222222222222222
643,28,16,0.4,0.4444444444444444
650,35,16,0.4,0.1111111111111111
651,36,16,0.4,0.3333333333333333
652,37,16,0.4,0.1111111111111111
655,16,40,0.6,0.8888888888888888
656,40,16,0.6,0.8888888888888888
657,41,16,0.4,0.0
658,1,18,0.4,0.0
659,2,18,0.4,0.0
660,18,3,0.2,0.0
661,4,18,0.4,0.0
662,18,5,0.2,0.0
663,6,18,0.4,0.0
664,7,18,0.4,0.0
665,8,18,0.4,0.0
666,9,18,0.4,0.0
667,10,18,0.4,0.0
668,18,11,0.2,0.0
669,12,18,0.4,0.0
670,18,13,0.2,0.0
671,18,14,0.2,0.0
672,15,18,0.4,0.0
673,18,16,0.2,0.0
676,18,19,0.2,0.0
678,18,21,0.2,0.0
679,18,22,0.2,0.0
680,23,18,0.4,0.0
681,24,18,0.4,0.0
682,18,25,0.2,0.0
683,26,18,0.4,0.0
684,27,18,0.4,0.0
685,28,18,0.4,0.0
686,18,29,0.2,0.0
687,30,18,0.4,0.0
688,31,18,0.4,0.0
689,18,32,0.2,0.0
690,33,18,0.4,0.0
691,34,18,0.4,0.0
692,35,18,0.4,0.0
693,18,36,0.2,0.0
694,37,18,0.4,0.0
696,39,18,0.4,0.0
697,40,18,0.4,0.0
698,41,18,0.4,0.0
699,19,1,0.6,0.4444444444444444
700,1,19,0.6,0.4444444444444444
701,19,2,0.6,0.2222222222222222
702,2,19,0.6,0.2222222222222222
703,19,3,0.2,0.0
704,4,19,0.4,0.0
705,5,19,0.4,0.0
706,19,6,0.6,0.2222222222222222
707,6,19,0.6,0.2222222222222222
708,19,7,0.2,0.0
709,19,8,0.2,0.0
710,19,9,0.2,0.0
711,19,10,0.6,0.0
712,10,19,0.6,0.0
713,11,19,0.4,0.0
714,12,19,0.4,0.0
715,19,13,0.6,0.0
716,13,19,0.6,0.0
717,19,14,0.6,0.2222222222222222
718,14,19,0.6,0.2222222222222222
719,19,15,0.6,0.0
720,15,19,0.6,0.0
722,19,17,0.6,0.0
723,17,19,0.6,0.0
724,19,18,0.6,0.0
725,18,19,0.6,0.0
727,19,20,0.6,0.0
728,20,19,0.6,0.0
729,19,21,0.6,0.0
730,21,19,0.6,0.0
731,19,22,0.6,0.0
732,22,19,0.6,0.0
733,19,23,0.6,0.0
734,23,19,0.6,0.0
735,19,24,0.6,0.0
736,24,19,0.6,0.0
737,19,25,0.6,0.0
738,25,19,0.6,0.0
739,19,26,0.6,0.0
740,26,19,0.6,0.0
741,19,27,0.6,0.0
742,27,19,0.6,0.0
743,19,28,0.6,0.2222222222222222
744,28,19,0.6,0.2222222222222222
745,19,29,0.6,0.4444444444444444
746,29,19,0.6,0.4444444444444444
747,19,30,0.6,0.0
748,30,19,0.6,0.0
749,19,31,0.6,0.0
750,31,19,0.6,0.0
751,19,32,0.2,0.0
752,19,33,0.6,0.0
753,33,19,0.6,0.0
754,19,34,0.2,0.0
755,19,35,0.6,0.2222222222222222
756,35,19,0.6,0.2222222222222222
758,19,37,0.6,0.0
759,37,19,0.6,0.0
760,19,38,0.6,0.0
761,38,19,0.6,0.0
762,19,39,0.6,0.3333333333333333
763,39,19,0.6,0.3333333333333333
764,19,40,0.6,0.0
765,40,19,0.6,0.0
766,19,41,0.2,0.0
767,20,1,0.2,0.1111111111111111
768,20,2,0.2,0.0
769,3,20,0.4,0.5555555555555556
770,20,4,0.2,0.0
771,20,5,0.2,0.0
772,6,20,0.4,0.0
773,20,7,0.2,0.3333333333333333
774,20,8,0.2,0.5555555555555556
775,20,9,0.2,0.0
776,20,10,0.2,0.0
777,20,11,0.2,0.0
778,20,12,0.2,0.0
779,20,13,0.2,0.0
780,20,14,0.2,0.0
781,15,20,0.4,0.0
782,20,16,0.2,0.0
783,20,17,0.2,0.0
784,20,18,0.2,0.0
785,20,19,0.2,0.0
787,21,20,0.4,0.3333333333333333
788,20,22,0.2,0.0
789,23,20,0.4,0.0
790,20,24,0.2,0.0
791,25,20,0.4,0.4444444444444444
792,20,26,0.2,0.0
793,20,27,0.2,0.0
794,20,28,0.2,0.0
795,20,29,0.2,0.0
796,20,30,0.2,0.0
797,20,31,0.2,0.0
798,20,32,0.2,0.0
799,20,33,0.2,0.0
800,20,34,0.2,0.5555555555555556
801,20,35,0.2,0.0
802,20,36,0.2,0.0
803,20,37,0.2,0.0
804,38,20,0.4,0.0
805,20,39,0.2,0.0
806,20,40,0.2,0.4444444444444444
807,20,41,0.2,0.0
808,21,1,0.2,0.5555555555555556
810,21,3,0.2,0.6666666666666666
812,21,5,0.2,0.0
813,21,6,0.2,0.2222222222222222
814,21,7,0.2,0.4444444444444444
815,21,8,0.2,0.8888888888888888
817,21,10,0.2,0.5555555555555556
819,21,12,0.2,0.0
821,21,14,0.2,0.5555555555555556
822,21,15,0.2,0.1111111111111111
823,21,16,0.2,0.3333333333333333
824,21,17,0.2,0.5555555555555556
825,21,18,0.2,0.0
826,21,19,0.2,0.0
827,21,20,0.2,0.2222222222222222
830,21,23,0.2,0.0
831,21,24,0.2,0.3333333333333333
832,21,25,0.2,0.7777777777777778
833,21,26,0.2,0.0
835,21,28,0.2,0.0
836,21,29,0.2,0.0
837,21,30,0.2,0.0
838,21,31,0.2,0.4444444444444444
840,33,21,0.4,0.0
841,21,34,0.2,0.0
842,21,35,0.2,0.0
845,21,38,0.2,0.0
847,21,40,0.2,0.5555555555555556
848,21,41,0.2,0.0
849,1,22,0.4,0.1111111111111111
850,2,22,0.4,0.0
851,3,22,0.4,0.1111111111111111
852,4,22,0.4,0.0
853,22,5,0.6,0.4444444444444444
854,5,22,0.6,0.4444444444444444
855,6,22,0.4,0.1111111111111111
856,22,7,0.2,0.2222222222222222
857,22,8,0.2,0.0
858,9,22,0.4,0.0
859,10,22,0.4,0.2222222222222222
860,11,22,0.4,0.2222222222222222
861,22,12,0.6,0.4444444444444444
862,12,22,0.6,0.4444444444444444
863,13,22,0.4,0.1111111111111111
864,22,14,0.2,0.1111111111111111
865,15,22,0.4,0.1111111111111111
866,16,22,0.4,0.0
867,17,22,0.4,0.1111111111111111
868,18,22,0.4,0.0
869,19,22,0.4,0.1111111111111111
870,22,20,0.2,0.0
871,21,22,0.4,0.1111111111111111
873,23,22,0.4,0.0
874,24,22,0.4,0.0
875,22,25,0.6,0.2222222222222222
876,25,22,0.6,0.2222222222222222
877,22,26,0.6,0.4444444444444444
878,26,22,0.6,0.4444444444444444
879,22,27,0.6,0.2222222222222222
880,27,22,0.6,0.2222222222222222
881,28,22,0.4,0.0
882,29,22,0.4,0.0
883,30,22,0.4,0.0
884,31,22,0.4,0.0
885,22,32,0.6,0.2222222222222222
886,32,22,0.6,0.2222222222222222
887,33,22,0.4,0.1111111111111111
888,34,22,0.4,0.2222222222222222
889,35,22,0.4,0.1111111111111111
890,22,36,0.6,0.1111111111111111
891,36,22,0.6,0.1111111111111111
892,37,22,0.4,0.1111111111111111
893,38,22,0.4,0.2222222222222222
894,39,22,0.4,0.0
895,22,40,0.6,0.2222222222222222
896,40,22,0.6,0.2222222222222222
897,41,22,0.4,0.4444444444444444
898,1,23,0.4,0.0
899,23,2,0.6,0.0
900,2,23,0.6,0.0
903,5,23,0.4,0.0
906,23,8,0.2,0.0
907,23,9,0.6,0.1111111111111111
908,9,23,0.6,0.1111111111111111
909,10,23,0.4,0.1111111111111111
910,11,23,0.4,0.3333333333333333
923,24,23,0.4,0.1111111111111111
932,33,23,0.4,0.0
935,36,23,0.4,0.3333333333333333
939,23,40,0.2,0.0
940,41,23,0.4,0.0
941,24,1,0.2,0.1111111111111111
942,2,24,0.4,0.0
943,3,24,0.4,0.0
944,4,24,0.4,0.1111111111111111
945,5,24,0.4,0.0
946,6,24,0.4,0.0
947,24,7,0.2,0.1111111111111111
948,24,8,0.2,0.0
949,24,9,0.2,0.2222222222222222
950,10,24,0.4,0.2222222222222222
951,11,24,0.4,0.0
952,24,12,0.2,0.0
953,24,13,0.2,0.2222222222222222
954,14,24,0.4,0.0
955,15,24,0.4,0.1111111111111111
956,24,16,0.2,0.0
957,17,24,0.4,0.1111111111111111
958,18,24,0.4,0.0
959,19,24,0.4,0.0
960,24,20,0.2,0.0
961,24,21,0.2,0.0
962,24,22,0.2,0.0
963,23,24,0.4,0.0
965,25,24,0.4,0.0
966,26,24,0.4,0.0
967,27,24,0.4,0.1111111111111111
968,24,28,0.2,0.0
969,29,24,0.4,0.1111111111111111
970,24,30,0.2,0.2222222222222222
971,24,31,0.2,0.0
972,24,32,0.2,0.0
973,33,24,0.4,0.0
974,24,34,0.2,0.2222222222222222
975,24,35,0.2,0.0
976,24,36,0.2,0.0
977,24,37,0.2,0.0
978,38,24,0.4,0.1111111111111111
979,24,39,0.2,0.1111111111111111
980,40,24,0.4,0.0
981,24,41,0.6,0.1111111111111111
982,41,24,0.6,0.1111111111111111
983,25,1,0.2,0.0
984,25,2,0.2,0.0
985,3,25,0.4,0.6666666666666666
986,25,4,0.2,0.0
987,25,5,0.2,0.2222222222222222
988,25,6,0.2,0.0
989,25,7,0.2,0.0
990,25,8,0.2,0.7777777777777778
991,25,9,0.2,0.0
992,25,10,0.2,0.0
993,11,25,0.4,0.0
994,12,25,0.4,0.1111111111111111
995,13,25,0.4,0.0
996,25,14,0.2,0.3333333333333333
997,15,25,0.4,0.1111111111111111
998,25,16,0.2,0.0
999,25,17,0.2,0.0
1000,25,18,0.2,0.0
1001,25,19,0.2,0.0
1002,25,20,0.2,0.5555555555555556
1003,21,25,0.4,0.5555555555555556
1004,25,22,0.2,0.2222222222222222
1005,25,23,0.2,0.0
1006,25,24,0.2,0.2222222222222222
1008,26,25,0.4,0.1111111111111111
1009,27,25,0.4,0.3333333333333333
1010,25,28,0.2,0.0
1011,25,29,0.2,0.0
1012,25,30,0.2,0.0
1013,25,31,0.2,0.0
1014,25,32,0.2,0.2222222222222222
1015,33,25,0.4,0.3333333333333333
1016,25,34,0.2,0.3333333333333333
1017,25,35,0.2,0.0
1018,25,36,0.2,0.0
1019,25,37,0.2,0.0
1020,25,38,0.2,0.0
1021,25,39,0.2,0.0
1022,25,40,0.6,0.6666666666666666
1023,40,25,0.6,0.6666666666666666
1024,25,41,0.2,0.0
1025,26,1,0.2,0.1111111111111111
1026,26,2,0.2,0.1111111111111111
1028,26,4,0.2,0.1111111111111111
1029,26,5,0.6,0.3333333333333333
1030,5,26,0.6,0.3333333333333333
1031,26,6,0.6,0.1111111111111111
1032,6,26,0.6,0.1111111111111111
1033,26,7,0.2,0.1111111111111111
1034,26,8,0.2,0.2222222222222222
1037,26,11,0.2,0.0
1039,26,13,0.2,0.1111111111111111
1040,26,14,0.2,0.0
1041,26,15,0.2,0.1111111111111111
1043,26,17,0.6,0.2222222222222222
1044,17,26,0.6,0.2222222222222222
1046,26,19,0.2,0.1111111111111111
1047,20,26,0.4,0.4444444444444444
1048,21,26,0.4,0.3333333333333333
1050,26,23,0.2,0.3333333333333333
1051,24,26,0.4,0.0
1052,26,25,0.2,0.3333333333333333
1054,26,27,0.2,0.2222222222222222
1055,26,28,0.2,0.0
1059,26,32,0.2,0.0
1062,35,26,0.4,0.0
1063,36,26,0.4,0.0
1065,26,38,0.2,0.0
1067,26,40,0.6,1.0
1068,40,26,0.6,1.0
1069,26,41,0.2,0.0
1070,1,27,0.4,0.0
1071,27,2,0.2,0.0
1072,27,3,0.2,0.0
1073,4,27,0.4,0.1111111111111111
1074,5,27,0.4,0.0
1075,27,6,0.2,0.0
1076,27,7,0.2,0.0
1077,27,8,0.2,0.0
1078,27,9,0.2,0.0
1079,27,10,0.2,0.0
1080,11,27,0.4,0.0
1081,27,12,0.6,0.0
1082,12,27,0.6,0.0
1083,27,13,0.2,0.1111111111111111
1084,27,14,0.2,0.0
1085,27,15,0.6,0.1111111111111111
1086,15,27,0.6,0.1111111111111111
1087,27,16,0.2,0.0
1088,17,27,0.4,0.1111111111111111
1089,27,18,0.2,0.0
1090,27,19,0.2,0.0
1091,27,20,0.2,0.0
1092,27,21,0.2,0.0
1093,27,22,0.2,0.0
1094,23,27,0.4,0.0
1095,24,27,0.4,0.1111111111111111
1096,27,25,0.2,0.0
1097,27,26,0.6,0.0
1098,26,27,0.6,0.0
1100,28,27,0.4,0.0
1101,27,29,0.6,0.1111111111111111
1102,29,27,0.6,0.1111111111111111
1103,30,27,0.4,0.0
1104,27,31,0.2,0.0
1105,27,32,0.6,0.0
1106,32,27,0.6,0.0
1107,33,27,0.4,0.0
1108,34,27,0.4,0.1111111111111111
1109,27,35,0.6,0.0
1110,35,27,0.6,0.0
1111,27,36,0.2,0.0
1112,27,37,0.2,0.0
1113,27,38,0.2,0.0
1114,27,39,0.2,0.0
1115,27,40,0.6,0.0
1116,40,27,0.6,0.0
1117,27,41,0.2,0.0
1118,1,28,0.4,0.6666666666666666
1119,2,28,0.4,0.4444444444444444
1120,3,28,0.4,0.3333333333333333
1123,28,6,0.2,0.6666666666666666
1131,28,14,0.2,0.5555555555555556
1133,28,16,0.2,0.4444444444444444
1134,17,28,0.4,0.2222222222222222
1138,21,28,0.4,0.0
1142,25,28,0.4,0.0
1146,29,28,0.4,0.0
1147,28,30,0.2,0.6666666666666666
1148,31,28,0.4,0.5555555555555556
1150,33,28,0.4,0.0
1151,34,28,0.4,0.0
1152,28,35,0.2,0.6666666666666666
1153,28,36,0.2,0.0
1154,37,28,0.4,0.5555555555555556
1156,28,39,0.2,0.6666666666666666
1157,28,40,0.6,0.8888888888888888
1158,40,28,0.6,0.8888888888888888
1159,41,28,0.4,0.0
1160,29,1,0.2,0.0
1161,2,29,0.4,0.1111111111111111
1162,29,3,0.2,0.0
1163,29,4,0.6,0.0
1164,4,29,0.6,0.0
1165,29,5,0.2,0.0
1166,29,6,0.6,0.1111111111111111
1167,6,29,0.6,0.1111111111111111
1168,7,29,0.4,0.1111111111111111
1169,29,8,0.2,0.0
1170,9,29,0.4,0.0
1171,10,29,0.4,0.0
1172,11,29,0.4,0.0
1173,12,29,0.4,0.0
1174,29,13,0.2,0.2222222222222222
1175,14,29,0.4,0.1111111111111111
1176,29,15,0.6,0.2222222222222222
1177,15,29,0.6,0.2222222222222222
1179,29,17,0.2,0.2222222222222222
1180,29,18,0.2,0.0
1181,29,19,0.2,0.2222222222222222
1182,20,29,0.4,0.1111111111111111
1183,21,29,0.4,0.3333333333333333
1184,29,22,0.2,0.0
1185,23,29,0.4,0.0
1186,29,24,0.2,0.2222222222222222
1187,25,29,0.4,0.1111111111111111
1188,29,26,0.6,0.0
1189,26,29,0.6,0.0
1190,29,27,0.6,0.2222222222222222
1191,27,29,0.6,0.2222222222222222
1192,29,28,0.2,0.0
1195,29,31,0.2,0.0
1196,29,32,0.2,0.0
1197,29,33,0.6,0.0
1198,33,29,0.6,0.0
1199,29,34,0.6,0.3333333333333333
1200,34,29,0.6,0.3333333333333333
1201,35,29,0.4,0.1111111111111111
1203,29,37,0.6,0.0
1204,37,29,0.6,0.0
1205,38,29,0.4,0.0
1206,29,39,0.6,0.0
1207,39,29,0.6,0.0
1208,40,29,0.4,0.0
1209,29,41,0.2,0.0
1249,30,40,0.6,0.8888888888888888
1250,40,30,0.6,0.8888888888888888
1252,31,1,0.6,0.3333333333333333
1253,1,31,0.6,0.3333333333333333
1254,31,2,0.6,0.3333333333333333
1255,2,31,0.6,0.3333333333333333
1256,31,3,0.2,0.0
1257,31,4,0.6,0.1111111111111111
1258,4,31,0.6,0.1111111111111111
1259,5,31,0.4,0.0
1260,31,6,0.2,0.2222222222222222
1262,31,8,0.2,0.0
1263,31,9,0.2,0.0
1265,31,11,0.2,0.3333333333333333
1266,12,31,0.4,0.0
1267,13,31,0.4,0.0
1268,31,14,0.6,0.3333333333333333
1269,14,31,0.6,0.3333333333333333
1270,31,15,0.6,0.0
1271,15,31,0.6,0.0
1273,31,17,0.6,0.2222222222222222
1274,17,31,0.6,0.2222222222222222
1275,31,18,0.6,0.1111111111111111
1276,18,31,0.6,0.1111111111111111
1277,31,19,0.6,0.1111111111111111
1278,19,31,0.6,0.1111111111111111
1280,21,31,0.4,0.0
1282,23,31,0.4,0.0
1283,31,24,0.6,0.0
1284,24,31,0.6,0.0
1286,26,31,0.4,0.0
1287,27,31,0.4,0.0
1288,31,28,0.2,0.1111111111111111
1289,31,29,0.2,0.0
1290,31,30,0.2,0.2222222222222222
1293,31,33,0.2,0.0
1295,35,31,0.4,0.1111111111111111
1297,37,31,0.4,0.0
1299,31,39,0.6,0.2222222222222222
1300,39,31,0.6,0.2222222222222222
1301,31,40,0.6,0.8888888888888888
1302,40,31,0.6,0.8888888888888888
1303,41,31,0.4,0.0
1306,32,3,0.6,0.0
1307,3,32,0.6,0.0
1309,32,5,0.6,0.0
1310,5,32,0.6,0.0
1314,32,9,0.6,0.3333333333333333
1315,9,32,0.6,0.3333333333333333
1316,32,10,0.6,0.3333333333333333
1317,10,32,0.6,0.3333333333333333
1318,32,11,0.6,0.3333333333333333
1319,11,32,0.6,0.3333333333333333
1320,32,12,0.6,0.0
1321,12,32,0.6,0.0
1322,32,13,0.6,0.0
1323,13,32,0.6,0.0
1324,32,14,0.6,0.3333333333333333
1325,14,32,0.6,0.3333333333333333
1326,32,15,0.6,0.0
1327,15,32,0.6,0.0
1328,32,16,0.6,0.3333333333333333
1329,16,32,0.6,0.3333333333333333
1331,32,18,0.6,0.2222222222222222
1332,18,32,0.6,0.2222222222222222
1336,32,22,0.6,0.0
1337,22,32,0.6,0.0
1338,32,23,0.2,0.2222222222222222
1340,32,25,0.6,0.0
1341,25,32,0.6,0.0
1342,32,26,0.6,0.0
1343,26,32,0.6,0.0
1344,32,27,0.6,0.0
1345,27,32,0.6,0.0
1346,32,28,0.2,0.0
1351,32,33,0.6,0.0
1352,33,32,0.6,0.0
1354,32,35,0.6,0.0
1355,35,32,0.6,0.0
1356,32,36,0.6,0.0
1357,36,32,0.6,0.0
1361,32,40,0.6,0.0
1362,40,32,0.6,0.0
1364,1,33,0.4,0.0
1365,33,2,0.2,0.2222222222222222
1366,33,3,0.2,0.1111111111111111
1367,33,4,0.2,0.0
1368,33,5,0.2,0.0
1369,6,33,0.4,0.2222222222222222
1370,33,7,0.2,0.4444444444444444
1371,33,8,0.2,0.1111111111111111
1372,33,9,0.2,0.0
1373,33,10,0.2,0.0
1374,11,33,0.4,0.1111111111111111
1375,33,12,0.2,0.0
1376,33,13,0.2,0.2222222222222222
1377,14,33,0.4,0.0
1378,15,33,0.4,0.0
1379,33,16,0.2,0.0
1380,33,17,0.2,0.2222222222222222
1381,18,33,0.4,0.0
1382,33,19,0.2,0.1111111111111111
1383,33,20,0.2,0.0
1384,33,21,0.2,0.0
1385,33,22,0.2,0.0
1386,23,33,0.4,0.0
1387,33,24,0.2,0.0
1388,33,25,0.2,0.1111111111111111
1389,33,26,0.2,0.0
1390,33,27,0.2,0.1111111111111111
1391,33,28,0.2,0.1111111111111111
1392,33,29,0.2,0.1111111111111111
1393,33,30,0.2,0.0
1394,31,33,0.4,0.1111111111111111
1395,33,32,0.2,0.1111111111111111
1397,33,34,0.2,0.1111111111111111
1398,33,35,0.2,0.0
1399,33,36,0.2,0.0
1400,37,33,0.4,0.4444444444444444
1401,33,38,0.2,0.3333333333333333
1402,33,39,0.2,0.1111111111111111
1403,33,40,0.2,0.0
1404,33,41,0.2,0.0
1407,3,34,0.4,0.1111111111111111
1408,34,4,0.2,0.1111111111111111
1409,5,34,0.4,0.1111111111111111
1410,6,34,0.4,0.1111111111111111
1412,34,8,0.2,0.1111111111111111
1413,9,34,0.4,0.1111111111111111
1414,34,10,0.2,0.2222222222222222
1415,34,11,0.2,0.2222222222222222
1416,34,12,0.2,0.1111111111111111
1418,14,34,0.4,0.1111111111111111
1419,15,34,0.4,0.2222222222222222
1420,34,16,0.2,0.1111111111111111
1421,17,34,0.4,0.3333333333333333
1424,34,20,0.2,0.3333333333333333
1425,21,34,0.4,0.1111111111111111
1427,34,23,0.2,0.1111111111111111
1428,24,34,0.4,0.1111111111111111
1429,25,34,0.4,0.1111111111111111
1430,26,34,0.4,0.1111111111111111
1431,27,34,0.4,0.3333333333333333
1432,34,28,0.2,0.1111111111111111
1433,29,34,0.4,0.3333333333333333
1435,34,31,0.2,0.1111111111111111
1437,33,34,0.4,0.1111111111111111
1439,34,35,0.2,0.1111111111111111
1441,37,34,0.4,0.1111111111111111
1442,34,38,0.2,0.1111111111111111
1444,34,40,0.6,0.0
1445,40,34,0.6,0.0
1446,41,34,0.4,0.1111111111111111
1447,35,1,0.6,0.1111111111111111
1448,1,35,0.6,0.1111111111111111
1449,35,2,0.6,0.1111111111111111
1450,2,35,0.6,0.1111111111111111
1451,35,3,0.6,0.0
1452,3,35,0.6,0.0
1453,35,4,0.6,0.0
1454,4,35,0.6,0.0
1455,5,35,0.4,0.0
1456,35,6,0.6,0.0
1457,6,35,0.6,0.0
1462,11,35,0.4,0.0
1463,35,12,0.2,0.0
1464,35,13,0.2,0.0
1465,35,14,0.6,0.1111111111111111
1466,14,35,0.6,0.1111111111111111
1467,15,35,0.4,0.0
1468,35,16,0.2,0.0
1469,17,35,0.4,0.2222222222222222
1470,18,35,0.4,0.1111111111111111
1471,35,19,0.6,0.1111111111111111
1472,19,35,0.6,0.1111111111111111
1474,21,35,0.4,0.0
1475,35,22,0.6,0.0
1476,22,35,0.6,0.0
1479,35,25,0.6,0.0
1480,25,35,0.6,0.0
1481,35,26,0.2,0.0
1482,35,27,0.6,0.1111111111111111
1483,27,35,0.6,0.1111111111111111
1484,28,35,0.4,0.2222222222222222
1485,29,35,0.4,0.0
1486,35,30,0.6,0.1111111111111111
1487,30,35,0.6,0.1111111111111111
1488,35,31,0.6,0.2222222222222222
1489,31,35,0.6,0.2222222222222222
1490,35,32,0.6,0.0
1491,32,35,0.6,0.0
1492,33,35,0.4,0.0
1495,35,36,0.2,0.0
1496,37,35,0.4,0.0
1498,35,39,0.6,0.2222222222222222
1499,39,35,0.6,0.2222222222222222
1500,35,40,0.6,0.0
1501,40,35,0.6,0.0
1504,2,36,0.4,0.0
1505,3,36,0.4,0.0
1507,5,36,0.4,0.0
1508,6,36,0.4,0.0
1511,9,36,0.4,0.7777777777777778
1512,36,10,0.2,0.6666666666666666
1513,11,36,0.4,0.6666666666666666
1515,13,36,0.4,0.2222222222222222
1517,15,36,0.4,0.0
1518,36,16,0.2,0.4444444444444444
1519,17,36,0.4,0.0
1520,18,36,0.4,0.5555555555555556
1523,21,36,0.4,0.0
1524,22,36,0.4,0.0
1525,23,36,0.4,0.6666666666666666
1527,25,36,0.4,0.0
1528,26,36,0.4,0.0
1529,27,36,0.4,0.0
1530,28,36,0.4,0.1111111111111111
1534,32,36,0.4,0.8888888888888888
1535,33,36,0.4,0.0
1537,35,36,0.4,0.0
1538,36,36,0.2,0.0
1539,36,37,0.2,0.3333333333333333
1542,36,40,0.2,0.0
1544,37,1,0.2,0.0
1545,37,2,0.6,0.3333333333333333
1546,2,37,0.6,0.3333333333333333
1547,37,3,0.2,0.0
1548,37,4,0.2,0.0
1549,37,5,0.6,0.0
1550,5,37,0.6,0.0
1551,37,6,0.2,0.2222222222222222
1552,37,7,0.2,0.6666666666666666
1553,37,8,0.2,0.0
1554,37,9,0.2,0.0
1555,37,10,0.2,0.0
1556,37,11,0.6,0.0
1557,11,37,0.6,0.0
1560,37,14,0.2,0.0
1561,37,15,0.6,0.0
1562,15,37,0.6,0.0
1564,37,17,0.2,0.0
1565,37,18,0.2,0.2222222222222222
1566,37,19,0.6,0.2222222222222222
1567,19,37,0.6,0.2222222222222222
1568,37,20,0.6,0.0
1569,20,37,0.6,0.0
1575,37,26,0.2,0.0
1576,37,27,0.6,0.0
1577,27,37,0.6,0.0
1578,37,28,0.6,0.3333333333333333
1579,28,37,0.6,0.3333333333333333
1580,37,29,0.6,0.0
1581,29,37,0.6,0.0
1582,37,30,0.2,0.0
1583,37,31,0.6,0.0
1584,31,37,0.6,0.0
1586,37,33,0.6,0.5555555555555556
1587,33,37,0.6,0.5555555555555556
1588,37,34,0.2,0.0
1589,37,35,0.2,0.0
1590,37,36,0.2,0.0
1592,37,38,0.2,0.3333333333333333
1593,37,39,0.2,0.4444444444444444
1594,37,40,0.6,0.1111111111111111
1595,40,37,0.6,0.1111111111111111
1596,37,41,0.2,0.0
1603,38,7,0.6,1.0
1604,7,38,0.6,1.0
1606,38,9,0.6,0.4444444444444444
1607,9,38,0.6,0.4444444444444444
1608,38,10,0.6,0.2222222222222222
1609,10,38,0.6,0.2222222222222222
1611,12,38,0.4,0.0
1613,38,14,0.6,0.0
1614,14,38,0.6,0.0
1615,38,15,0.6,0.0
1616,15,38,0.6,0.0
1618,38,17,0.6,0.0
1619,17,38,0.6,0.0
1622,20,38,0.4,0.1111111111111111
1624,38,22,0.2,0.0
1625,38,23,0.2,0.0
1626,38,24,0.2,0.2222222222222222
1627,38,25,0.6,0.0
1628,25,38,0.6,0.0
1636,38,33,0.6,1.0
1637,33,38,0.6,1.0
1638,38,34,0.6,0.4444444444444444
1639,34,38,0.6,0.4444444444444444
1642,38,37,0.6,1.0
1643,37,38,0.6,1.0
1646,38,40,0.2,0.0
1647,38,41,0.2,0.0
1648,1,39,0.4,0.8888888888888888
1649,39,2,0.2,0.5555555555555556
1650,3,39,0.4,0.2222222222222222
1651,4,39,0.4,0.1111111111111111
1652,5,39,0.4,0.4444444444444444
1653,39,6,0.2,0.5555555555555556
1655,39,8,0.2,0.1111111111111111
1656,39,9,0.2,0.3333333333333333
1657,39,10,0.2,0.5555555555555556
1658,11,39,0.4,0.1111111111111111
1659,12,39,0.4,0.1111111111111111
1661,39,14,0.2,0.6666666666666666
1662,39,15,0.2,0.1111111111111111
1664,39,17,0.2,0.3333333333333333
1665,39,18,0.2,0.2222222222222222
1666,39,19,0.2,0.6666666666666666
1668,21,39,0.4,0.1111111111111111
1670,39,23,0.2,0.1111111111111111
1671,39,24,0.2,0.4444444444444444
1672,25,39,0.4,0.2222222222222222
1674,27,39,0.4,0.3333333333333333
1675,39,28,0.2,0.8888888888888888
1676,29,39,0.4,0.3333333333333333
1677,39,30,0.2,0.8888888888888888
1678,31,39,0.4,0.6666666666666666
1679,32,39,0.4,0.1111111111111111
1680,33,39,0.4,0.1111111111111111
1681,39,34,0.2,0.1111111111111111
1682,39,35,0.2,0.1111111111111111
1687,40,39,0.4,0.1111111111111111
1688,39,41,0.2,0.3333333333333333
1689,40,1,0.2,0.1111111111111111
1690,2,40,0.4,0.1111111111111111
1691,3,40,0.4,0.1111111111111111
1692,40,4,0.6,0.1111111111111111
1693,4,40,0.6,0.1111111111111111
1694,40,5,0.6,0.1111111111111111
1695,5,40,0.6,0.1111111111111111
1696,40,6,0.6,0.1111111111111111
1697,6,40,0.6,0.1111111111111111
1698,40,7,0.6,0.1111111111111111
1699,7,40,0.6,0.1111111111111111
1700,40,8,0.6,0.1111111111111111
1701,8,40,0.6,0.1111111111111111
1702,40,9,0.6,0.1111111111111111
1703,9,40,0.6,0.1111111111111111
1704,40,10,0.6,0.1111111111111111
1705,10,40,0.6,0.1111111111111111
1706,11,40,0.4,0.1111111111111111
1707,40,12,0.6,0.1111111111111111
1708,12,40,0.6,0.1111111111111111
1709,40,13,0.6,0.1111111111111111
1710,13,40,0.6,0.1111111111111111
1711,40,14,0.6,0.1111111111111111
1712,14,40,0.6,0.1111111111111111
1713,40,15,0.6,0.1111111111111111
1714,15,40,0.6,0.1111111111111111
1715,40,16,0.6,0.1111111111111111
1716,16,40,0.6,0.1111111111111111
1717,40,17,0.6,0.1111111111111111
1718,17,40,0.6,0.1111111111111111
1719,40,18,0.6,0.1111111111111111
1720,18,40,0.6,0.1111111111111111
1721,40,19,0.6,0.1111111111111111
1722,19,40,0.6,0.1111111111111111
1723,40,20,0.6,0.1111111111111111
1724,20,40,0.6,0.1111111111111111
1725,40,21,0.6,0.1111111111111111
1726,21,40,0.6,0.1111111111111111
1727,40,22,0.6,0.1111111111111111
1728,22,40,0.6,0.1111111111111111
1729,40,23,0.6,0.1111111111111111
1730,23,40,0.6,0.1111111111111111
1731,40,24,0.6,0.1111111111111111
1732,24,40,0.6,0.1111111111111111
1733,40,25,0.6,0.5555555555555556
1734,25,40,0.6,0.5555555555555556
1735,40,26,0.6,0.8888888888888888
1736,26,40,0.6,0.8888888888888888
1737,40,27,0.6,0.8888888888888888
1738,27,40,0.6,0.8888888888888888
1739,40,28,0.2,0.1111111111111111
1740,40,29,0.6,0.1111111111111111
1741,29,40,0.6,0.1111111111111111
1742,40,30,0.6,0.1111111111111111
1743,30,40,0.6,0.1111111111111111
1744,40,31,0.6,0.1111111111111111
1745,31,40,0.6,0.1111111111111111
1746,40,32,0.6,0.1111111111111111
1747,32,40,0.6,0.1111111111111111
1748,40,33,0.6,0.1111111111111111
1749,33,40,0.6,0.1111111111111111
1750,40,34,0.6,0.1111111111111111
1751,34,40,0.6,0.1111111111111111
1752,40,35,0.6,0.1111111111111111
1753,35,40,0.6,0.1111111111111111
1754,40,36,0.6,0.1111111111111111
1755,36,40,0.6,0.1111111111111111
1756,40,37,0.6,0.1111111111111111
1757,37,40,0.6,0.1111111111111111
1758,40,38,0.6,0.1111111111111111
1759,38,40,0.6,0.1111111111111111
1760,40,39,0.6,0.1111111111111111
1761,39,40,0.6,0.1111111111111111
1762,40,40,0.6,0.2222222222222222
1763,40,40,0.6,0.2222222222222222
1764,40,41,0.6,0.1111111111111111
1765,41,40,0.6,0.1111111111111111
1766,1,41,0.4,0.0
1767,2,41,0.4,0.0
1770,5,41,0.4,0.0
1771,6,41,0.4,0.0
1772,41,7,0.2,0.0
1773,41,8,0.2,0.0
1774,41,9,0.2,0.0
1775,10,41,0.4,0.0
1776,11,41,0.4,0.0
1777,12,41,0.4,0.0
1780,15,41,0.4,0.0
1781,41,16,0.2,0.0
1782,17,41,0.4,0.0
1783,41,18,0.2,0.0
1784,19,41,0.4,0.0
1785,20,41,0.4,0.0
1787,41,22,0.2,0.0
1788,41,23,0.2,0.0
1789,24,41,0.4,0.0
1790,25,41,0.4,0.0
1791,26,41,0.4,0.0
1793,41,28,0.2,0.0
1796,41,31,0.2,0.0
1798,33,41,0.4,0.0
1799,34,41,0.4,0.0
1802,37,41,0.4,0.0
1803,38,41,0.4,0.0
1804,39,41,0.4,0.0
1805,41,40,0.2,0.0
